timestamp,service,level,message
2025-12-06T22:55:51.640010,payment-api,INFO,Payment verified
2025-12-06T22:55:53.150670,payment-api,INFO,Session refreshed
2025-12-06T22:55:54.856290,database-worker,INFO,Session refreshed
2025-12-06T22:55:56.312155,database-worker,INFO,User action processed successfully
2025-12-06T22:55:58.219492,frontend-ui,INFO,Page load complete
2025-12-06T22:55:59.824522,frontend-ui,INFO,User action processed successfully
2025-12-06T22:56:00.739174,payment-api,INFO,Database sync finished
2025-12-06T22:56:02.866944,payment-api,INFO,User logout success
2025-12-06T22:56:04.092428,database-worker,INFO,Health check OK
2025-12-06T22:56:05.510930,database-worker,INFO,Payment verified
2025-12-06T22:56:07.133235,payment-api,INFO,Page load complete
2025-12-06T22:56:07.944862,auth-service,INFO,Session refreshed
2025-12-06T22:56:10.714019,frontend-ui,INFO,Health check OK
2025-12-06T22:56:12.610699,frontend-ui,INFO,Page load complete
2025-12-06T22:56:14.642149,auth-service,INFO,User action processed successfully
2025-12-06T22:56:16.090540,database-worker,INFO,Page load complete
2025-12-06T22:56:17.152417,frontend-ui,INFO,Page load complete
2025-12-06T22:56:19.247172,database-worker,INFO,User action processed successfully
2025-12-06T22:56:20.244294,frontend-ui,INFO,Payment verified
2025-12-06T22:56:21.835222,payment-api,INFO,Database sync finished
2025-12-06T22:56:22.726252,payment-api,INFO,User action processed successfully
2025-12-06T22:56:23.488787,payment-api,INFO,User logout success
2025-12-06T22:56:25.222545,payment-api,INFO,Session refreshed
2025-12-06T22:56:26.962624,frontend-ui,INFO,User logout success
2025-12-06T22:56:28.756167,payment-api,INFO,Health check OK
2025-12-06T22:56:30.951652,payment-api,INFO,Page load complete
2025-12-06T22:56:32.600050,auth-service,INFO,Database sync finished
2025-12-06T22:56:33.981434,database-worker,INFO,User action processed successfully
2025-12-06T22:56:35.949373,payment-api,INFO,User action processed successfully
2025-12-06T22:56:37.463732,database-worker,INFO,Database sync finished
2025-12-06T22:56:39.846318,database-worker,INFO,User logout success
2025-12-06T22:56:41.766930,payment-api,INFO,User action processed successfully
2025-12-06T22:56:43.843662,frontend-ui,INFO,Session refreshed
2025-12-06T22:56:44.779575,frontend-ui,INFO,User logout success
2025-12-06T22:56:46.449517,payment-api,INFO,Health check OK
2025-12-06T22:56:48.332416,database-worker,INFO,User logout success
2025-12-06T22:56:49.682635,payment-api,INFO,Payment verified
2025-12-06T22:56:51.643153,payment-api,INFO,Health check OK
2025-12-06T22:56:54.213656,payment-api,INFO,Session refreshed
2025-12-06T22:56:55.404745,database-worker,INFO,User action processed successfully
2025-12-06T22:56:58.243513,frontend-ui,INFO,User logout success
2025-12-06T22:57:01.306758,payment-api,INFO,Page load complete
2025-12-06T22:57:04.113211,database-worker,INFO,User logout success
2025-12-06T22:57:05.577188,auth-service,INFO,User logout success
2025-12-06T22:57:08.920986,frontend-ui,INFO,User action processed successfully
2025-12-06T22:57:12.327579,payment-api,INFO,Database sync finished
2025-12-06T22:57:14.030312,payment-api,INFO,User action processed successfully
2025-12-06T22:57:17.241789,frontend-ui,INFO,Page load complete
2025-12-06T22:57:18.946700,payment-api,INFO,Session refreshed
2025-12-06T22:57:21.242953,auth-service,INFO,Database sync finished
2025-12-06T22:57:23.927181,payment-api,INFO,Database sync finished
2025-12-06T22:57:26.648871,auth-service,INFO,User action processed successfully
2025-12-06T22:57:28.451040,frontend-ui,INFO,User logout success
2025-12-06T22:57:30.917723,frontend-ui,INFO,Health check OK
2025-12-06T22:57:33.178991,database-worker,INFO,User logout success
2025-12-06T22:57:35.525086,payment-api,INFO,Database sync finished
2025-12-06T22:57:38.433340,database-worker,INFO,User logout success
2025-12-06T22:57:39.952779,database-worker,INFO,Health check OK
2025-12-06T22:57:44.717606,frontend-ui,INFO,User action processed successfully
2025-12-06T22:57:46.855388,database-worker,INFO,Payment verified
2025-12-06T22:57:49.391374,database-worker,INFO,Database sync finished
2025-12-06T22:57:51.459815,database-worker,INFO,Database sync finished
2025-12-06T22:57:54.026310,database-worker,INFO,Payment verified
2025-12-06T22:57:56.183645,database-worker,INFO,Session refreshed
2025-12-06T22:57:57.763296,database-worker,INFO,Payment verified
2025-12-06T22:58:01.265927,auth-service,INFO,User action processed successfully
2025-12-06T22:58:03.685774,database-worker,INFO,Page load complete
2025-12-06T22:58:06.025776,payment-api,INFO,Health check OK
2025-12-06T22:58:07.418486,payment-api,INFO,User action processed successfully
2025-12-06T22:58:10.823758,payment-api,INFO,User action processed successfully
2025-12-06T22:58:13.119941,auth-service,INFO,Payment verified
2025-12-06T22:58:16.003394,auth-service,INFO,Page load complete
2025-12-06T22:58:18.800842,database-worker,INFO,Payment verified
2025-12-06T22:58:21.234146,payment-api,INFO,Health check OK
2025-12-06T22:58:24.240582,payment-api,INFO,Page load complete
2025-12-06T22:58:26.418430,frontend-ui,INFO,Session refreshed
2025-12-06T22:58:28.284272,payment-api,INFO,User action processed successfully
2025-12-06T22:58:31.178236,payment-api,INFO,Payment verified
2025-12-06T22:58:32.805799,frontend-ui,INFO,Session refreshed
2025-12-06T22:58:36.279145,database-worker,INFO,User action processed successfully
2025-12-06T22:58:37.470359,frontend-ui,INFO,Health check OK
2025-12-06T22:58:39.809798,auth-service,INFO,User logout success
2025-12-06T22:58:43.317474,frontend-ui,INFO,Database sync finished
2025-12-06T22:58:46.817196,database-worker,INFO,Payment verified
2025-12-06T22:58:48.610267,database-worker,INFO,Database sync finished
2025-12-06T22:58:51.137406,database-worker,INFO,User action processed successfully
2025-12-06T22:58:53.406048,payment-api,INFO,User action processed successfully
2025-12-06T22:58:55.754287,frontend-ui,INFO,User logout success
2025-12-06T22:58:58.259698,auth-service,INFO,User action processed successfully
2025-12-06T22:59:01.114238,frontend-ui,INFO,Payment verified
2025-12-06T22:59:03.132742,payment-api,INFO,Payment verified
2025-12-06T22:59:05.144524,auth-service,INFO,Health check OK
2025-12-06T22:59:07.319629,payment-api,INFO,Session refreshed
2025-12-06T22:59:10.828951,frontend-ui,INFO,User action processed successfully
2025-12-06T22:59:13.288308,payment-api,INFO,User action processed successfully
2025-12-06T22:59:14.319339,payment-api,INFO,User action processed successfully
2025-12-06T22:59:18.263035,payment-api,INFO,Page load complete
2025-12-06T22:59:20.345568,auth-service,INFO,Session refreshed
2025-12-06T22:59:23.388442,frontend-ui,INFO,Session refreshed
2025-12-06T22:59:25.562623,frontend-ui,INFO,User logout success
2025-12-06T22:59:28.664381,payment-api,INFO,Health check OK
2025-12-06T22:59:30.382880,frontend-ui,INFO,Page load complete
2025-12-06T22:59:33.583523,payment-api,INFO,User logout success
2025-12-06T22:59:35.541436,database-worker,INFO,User action processed successfully
2025-12-06T22:59:37.226546,frontend-ui,INFO,User logout success
2025-12-06T22:59:40.319956,auth-service,INFO,User action processed successfully
2025-12-06T22:59:41.988818,frontend-ui,INFO,User action processed successfully
2025-12-06T22:59:44.086413,payment-api,INFO,Page load complete
2025-12-06T22:59:49.094333,frontend-ui,INFO,Database sync finished
2025-12-06T22:59:50.741484,payment-api,INFO,Payment verified
2025-12-06T22:59:52.780303,frontend-ui,INFO,User action processed successfully
2025-12-06T22:59:55.325537,frontend-ui,INFO,Database sync finished
2025-12-06T22:59:57.353613,auth-service,INFO,Database sync finished
2025-12-06T23:00:01.035051,frontend-ui,INFO,Payment verified
2025-12-06T23:00:02.858006,frontend-ui,INFO,User logout success
2025-12-06T23:00:05.429503,frontend-ui,INFO,Payment verified
2025-12-06T23:00:09.873450,database-worker,INFO,User logout success
2025-12-06T23:00:13.852386,payment-api,INFO,Session refreshed
2025-12-06T23:00:19.974315,frontend-ui,INFO,User logout success
2025-12-06T23:00:25.090870,database-worker,INFO,User logout success
2025-12-06T23:00:30.154825,auth-service,INFO,Payment verified
2025-12-06T23:00:33.627626,frontend-ui,INFO,Database sync finished
2025-12-06T23:00:39.457692,auth-service,INFO,Payment verified
2025-12-06T23:00:43.638158,auth-service,INFO,User action processed successfully
2025-12-06T23:00:47.604711,auth-service,INFO,Payment verified
2025-12-06T23:00:54.266136,payment-api,INFO,Session refreshed
2025-12-06T23:00:57.618524,frontend-ui,INFO,User action processed successfully
2025-12-06T23:01:02.926822,payment-api,INFO,Payment verified
2025-12-06T23:01:07.836695,payment-api,INFO,Payment verified
2025-12-06T23:01:11.253189,frontend-ui,INFO,User action processed successfully
2025-12-06T23:01:16.223168,frontend-ui,INFO,Payment verified
2025-12-06T23:01:21.769297,frontend-ui,INFO,Session refreshed
2025-12-06T23:01:27.250296,frontend-ui,INFO,User logout success
2025-12-06T23:01:30.810830,auth-service,INFO,Health check OK
2025-12-06T23:01:36.693059,frontend-ui,INFO,Page load complete
2025-12-06T23:01:41.292127,database-worker,INFO,Health check OK
2025-12-06T23:01:43.071159,auth-service,INFO,Session refreshed
2025-12-06T23:01:46.002484,frontend-ui,INFO,Page load complete
2025-12-06T23:01:48.406032,auth-service,INFO,Health check OK
2025-12-06T23:01:50.793250,database-worker,INFO,Session refreshed
2025-12-06T23:01:54.976444,database-worker,INFO,Database sync finished
2025-12-06T23:01:57.033017,database-worker,INFO,Database sync finished
2025-12-06T23:01:59.249734,database-worker,INFO,Payment verified
2025-12-06T23:02:02.259049,payment-api,INFO,User action processed successfully
2025-12-06T23:02:03.797625,frontend-ui,INFO,User action processed successfully
2025-12-06T23:02:09.456527,database-worker,INFO,User logout success
2025-12-06T23:02:12.914914,auth-service,INFO,Session refreshed
2025-12-06T23:02:17.474332,database-worker,INFO,Session refreshed
2025-12-06T23:02:23.309108,database-worker,INFO,Page load complete
2025-12-06T23:02:27.929534,frontend-ui,INFO,User action processed successfully
2025-12-06T23:02:32.549014,database-worker,INFO,Page load complete
2025-12-06T23:02:37.126964,frontend-ui,INFO,Page load complete
2025-12-06T23:02:42.082826,auth-service,INFO,Session refreshed
2025-12-06T23:02:47.029775,frontend-ui,INFO,Payment verified
2025-12-06T23:02:51.834760,database-worker,INFO,Health check OK
2025-12-06T23:02:57.908111,database-worker,INFO,Health check OK
2025-12-06T23:03:01.363313,database-worker,INFO,Payment verified
2025-12-06T23:03:06.615581,payment-api,INFO,Health check OK
2025-12-06T23:03:10.719635,frontend-ui,INFO,Health check OK
2025-12-06T23:03:15.388144,frontend-ui,INFO,User action processed successfully
2025-12-06T23:03:20.415959,payment-api,INFO,Health check OK
2025-12-06T23:03:24.002228,payment-api,INFO,Database sync finished
2025-12-06T23:03:30.101779,frontend-ui,INFO,Payment verified
2025-12-06T23:03:35.493779,frontend-ui,INFO,User action processed successfully
2025-12-06T23:03:39.207938,auth-service,INFO,Health check OK
2025-12-06T23:03:42.645022,auth-service,INFO,User action processed successfully
2025-12-06T23:03:45.209864,database-worker,INFO,Session refreshed
2025-12-06T23:03:47.420100,payment-api,INFO,Health check OK
2025-12-06T23:03:50.151705,frontend-ui,INFO,Health check OK
2025-12-06T23:03:53.064914,payment-api,INFO,Page load complete
2025-12-06T23:03:55.340201,payment-api,INFO,Database sync finished
2025-12-06T23:03:57.242629,payment-api,INFO,Database sync finished
2025-12-06T23:04:00.662297,payment-api,INFO,Payment verified
2025-12-06T23:04:03.682038,auth-service,INFO,User action processed successfully
2025-12-06T23:04:05.865673,database-worker,INFO,Database sync finished
2025-12-06T23:04:08.056797,auth-service,INFO,Database sync finished
2025-12-06T23:04:10.489670,database-worker,INFO,Session refreshed
2025-12-06T23:04:12.859220,frontend-ui,INFO,User action processed successfully
2025-12-06T23:04:16.096651,database-worker,INFO,Payment verified
2025-12-06T23:04:17.464858,frontend-ui,INFO,Payment verified
2025-12-06T23:04:20.384254,auth-service,INFO,Page load complete
2025-12-06T23:04:22.874190,frontend-ui,INFO,Page load complete
2025-12-06T23:04:24.441435,frontend-ui,INFO,Health check OK
2025-12-06T23:04:26.749348,payment-api,INFO,Health check OK
2025-12-06T23:04:31.421630,database-worker,INFO,Health check OK
2025-12-06T23:04:34.091686,frontend-ui,INFO,User action processed successfully
2025-12-06T23:04:36.336062,frontend-ui,INFO,Health check OK
2025-12-06T23:04:37.605746,auth-service,INFO,User logout success
2025-12-06T23:04:41.247660,frontend-ui,INFO,Session refreshed
2025-12-06T23:04:42.427346,database-worker,INFO,Payment verified
2025-12-06T23:04:44.844828,payment-api,INFO,User logout success
2025-12-06T23:04:47.167348,frontend-ui,INFO,Health check OK
2025-12-06T23:04:50.155293,database-worker,INFO,User action processed successfully
2025-12-06T23:04:53.143654,payment-api,INFO,Session refreshed
2025-12-06T23:04:54.460746,frontend-ui,INFO,Health check OK
2025-12-06T23:04:57.748756,payment-api,INFO,Page load complete
2025-12-06T23:04:59.785869,auth-service,INFO,Database sync finished
2025-12-06T23:05:03.399559,auth-service,INFO,Health check OK
2025-12-06T23:05:05.234371,frontend-ui,INFO,Session refreshed
2025-12-06T23:05:08.493821,payment-api,INFO,Payment verified
2025-12-06T23:05:10.821326,frontend-ui,INFO,Health check OK
2025-12-06T23:05:12.735259,payment-api,INFO,Payment verified
2025-12-06T23:05:16.296365,auth-service,INFO,User action processed successfully
2025-12-06T23:05:18.269996,database-worker,INFO,User logout success
2025-12-06T23:05:20.859949,database-worker,INFO,Page load complete
2025-12-06T23:05:22.869264,frontend-ui,INFO,User action processed successfully
2025-12-06T23:05:24.760529,payment-api,INFO,Page load complete
2025-12-06T23:05:28.043356,frontend-ui,INFO,Payment verified
2025-12-06T23:05:29.887495,database-worker,INFO,Page load complete
2025-12-06T23:05:34.038270,database-worker,INFO,User action processed successfully
2025-12-06T23:05:35.979711,frontend-ui,INFO,Page load complete
2025-12-06T23:05:38.544846,auth-service,INFO,Page load complete
2025-12-06T23:05:41.632458,payment-api,INFO,Session refreshed
2025-12-06T23:05:42.657172,auth-service,INFO,User logout success
2025-12-06T23:05:46.249097,auth-service,INFO,Page load complete
2025-12-06T23:05:48.732364,frontend-ui,INFO,Page load complete
2025-12-06T23:05:49.830640,frontend-ui,INFO,Session refreshed
2025-12-06T23:05:53.129660,payment-api,INFO,Payment verified
2025-12-06T23:05:55.783450,payment-api,INFO,Payment verified
2025-12-06T23:05:58.123233,database-worker,INFO,Page load complete
2025-12-06T23:06:00.360342,payment-api,INFO,User action processed successfully
2025-12-06T23:06:02.555220,database-worker,INFO,User logout success
2025-12-06T23:06:05.994050,payment-api,INFO,Page load complete
2025-12-06T23:06:08.172057,payment-api,INFO,Payment verified
2025-12-06T23:06:11.137921,auth-service,INFO,Health check OK
2025-12-06T23:06:13.803656,frontend-ui,INFO,Database sync finished
2025-12-06T23:06:16.075055,frontend-ui,INFO,User logout success
2025-12-06T23:06:17.711726,payment-api,INFO,Page load complete
2025-12-06T23:06:20.434647,database-worker,INFO,User logout success
2025-12-06T23:06:22.868371,frontend-ui,INFO,Health check OK
2025-12-06T23:06:25.601751,auth-service,INFO,Session refreshed
2025-12-06T23:06:28.147570,frontend-ui,INFO,Session refreshed
2025-12-06T23:06:30.464836,payment-api,INFO,Session refreshed
2025-12-06T23:06:32.459010,database-worker,INFO,Session refreshed
2025-12-06T23:06:36.103437,database-worker,INFO,Health check OK
2025-12-06T23:06:39.476763,payment-api,INFO,User logout success
2025-12-06T23:06:41.116342,database-worker,INFO,User logout success
2025-12-06T23:06:43.410751,database-worker,INFO,Session refreshed
2025-12-06T23:06:45.474983,auth-service,INFO,Page load complete
2025-12-06T23:06:47.847455,frontend-ui,INFO,Database sync finished
2025-12-06T23:06:50.530296,database-worker,INFO,User logout success
2025-12-06T23:06:53.012478,frontend-ui,INFO,Session refreshed
2025-12-06T23:06:56.060413,payment-api,INFO,User logout success
2025-12-06T23:06:57.769856,database-worker,INFO,User logout success
2025-12-06T23:07:00.342270,payment-api,INFO,User action processed successfully
2025-12-06T23:07:02.466277,database-worker,INFO,Health check OK
2025-12-06T23:07:05.092121,auth-service,INFO,Page load complete
2025-12-06T23:07:08.659467,database-worker,INFO,User logout success
2025-12-06T23:07:11.321616,payment-api,INFO,User logout success
2025-12-06T23:07:14.494073,database-worker,INFO,User logout success
2025-12-06T23:07:16.944692,auth-service,INFO,Page load complete
2025-12-06T23:07:17.885907,database-worker,INFO,User action processed successfully
2025-12-06T23:07:21.375968,frontend-ui,INFO,Session refreshed
2025-12-06T23:07:23.385802,database-worker,INFO,User logout success
2025-12-06T23:07:25.443937,payment-api,INFO,Payment verified
2025-12-06T23:07:27.697084,database-worker,INFO,Payment verified
2025-12-06T23:07:29.754532,frontend-ui,INFO,User logout success
2025-12-06T23:07:32.155280,database-worker,INFO,Database sync finished
2025-12-06T23:07:34.602885,auth-service,INFO,User logout success
2025-12-06T23:07:37.244330,frontend-ui,INFO,User logout success
